Workbook

Sheet Variantes
A1: alesage_mm | B1: reference_commande | C1: connecteur | D1: broche_1 | E1: broche_2 | F1: broche_3 | G1: broche_4 | H1: broche_5 | I1: broche_6 | J1: bride_mm | K1: fixation_mm | L1: masse_kg | M1: debit_max_kg_h | N1: sens_ouverture | O1: angle_debit_deg | P1: conditions_debit | Q1: =A1&"_source" -> alesage_mm_source | R1: =B1&"_source" -> reference_commande_source | S1: =C1&"_source" -> connecteur_source | T1: =D1&"_source" -> broche_1_source | U1: =E1&"_source" -> broche_2_source | V1: =F1&"_source" -> broche_3_source | W1: =G1&"_source" -> broche_4_source | X1: =H1&"_source" -> broche_5_source | ... AF1: =P1&"_source" -> conditions_debit_source | AG1: =A1&"_statut" -> alesage_mm_statut | AH1: =B1&"_statut" -> reference_commande_statut | AI1: =C1&"_statut" -> connecteur_statut | AJ1: =D1&"_statut" -> broche_1_statut | AK1: =E1&"_statut" -> broche_2_statut | AL1: =F1&"_statut" -> broche_3_statut | AM1: =G1&"_statut" -> broche_4_statut | AN1: =H1&"_statut" -> broche_5_statut | ... AV1: =P1&"_statut" -> conditions_debit_statut
A2: 32 | B2: 0280.750.148 | C2: D261.205.358-01 | D2: Motor - | E2: Poti - | F2: Poti + | G2: Motor + | H2: Poti 2 | I2: Poti 1 | J2: 40 | K2: 50 x 50 | L2: 0.9 | M2: 394 | N2: antihoraire (vue A) | O2: 85 | P2: p = 1000 mbar ; Δp = 600 ±25 mbar ; HR = 40 % ; T = 24 °C | Q2: R1 p.2/p.3 - variante 32 mm - diamètre nominal | R2: R1 p.2 - Ordering Information - variante 32 mm | S2: R1 p.3 - Variations - colonne 32 mm - Connector | T2: R1 p.3 - Variations - colonne 32 mm - Pin 1/A | U2: R1 p.3 - Variations - colonne 32 mm - Pin 2/B | V2: R1 p.3 - Variations - colonne 32 mm - Pin 3/C | W2: R1 p.3 - Variations - colonne 32 mm - Pin 4/D | X2: R1 p.3 - Variations - colonne 32 mm - Pin 5/E | Y2: R1 p.3 - Variations - colonne 32 mm - Pin 6/F | Z2: R1 p.3 - Variations - colonne 32 mm - Flange diameter | AA2: R1 p.3 - Variations - colonne 32 mm - Hole circle diameter | AB2: R1 p.3 - Variations - colonne 32 mm - Weight | AC2: R1 p.3 - Variations - colonne 32 mm - Maximum mass flow | AD2: R1 p.3 - Opening direction + vue A p.2 | AE2: R1 p.3 - note * - angle du point de débit | AF2: R1 p.3 - note * - conditions d'essai du débit | AG2: RENSEIGNE | AH2: RENSEIGNE | AI2: RENSEIGNE | AJ2: RENSEIGNE | AK2: RENSEIGNE | AL2: RENSEIGNE | AM2: RENSEIGNE | AN2: RENSEIGNE | AO2: RENSEIGNE | AP2: RENSEIGNE | AQ2: RENSEIGNE | AR2: RENSEIGNE | AS2: RENSEIGNE | AT2: RENSEIGNE | AU2: RENSEIGNE | AV2: RENSEIGNE
A3: 40 | B3: 0280.750.149 | C3: D261.205.358-01 | D3: Motor - | E3: Poti - | F3: Poti + | G3: Motor + | H3: Poti 2 | I3: Poti 1 | J3: 50 | K3: 50 x 50 | L3: 0.9 | M3: 695 | N3: antihoraire (vue A) | O3: 85 | P3: p = 1000 mbar ; Δp = 600 ±25 mbar ; HR = 40 % ; T = 24 °C | Q3: R1 p.2/p.3 - variante 40 mm - diamètre nominal | R3: R1 p.2 - Ordering Information - variante 40 mm | S3: R1 p.3 - Variations - colonne 40 mm - Connector | T3: R1 p.3 - Variations - colonne 40 mm - Pin 1/A | U3: R1 p.3 - Variations - colonne 40 mm - Pin 2/B | V3: R1 p.3 - Variations - colonne 40 mm - Pin 3/C | W3: R1 p.3 - Variations - colonne 40 mm - Pin 4/D | X3: R1 p.3 - Variations - colonne 40 mm - Pin 5/E | Y3: R1 p.3 - Variations - colonne 40 mm - Pin 6/F | Z3: R1 p.3 - Variations - colonne 40 mm - Flange diameter | AA3: R1 p.3 - Variations - colonne 40 mm - Hole circle diameter | AB3: R1 p.3 - Variations - colonne 40 mm - Weight | AC3: R1 p.3 - Variations - colonne 40 mm - Maximum mass flow | AD3: R1 p.3 - Opening direction + vue A p.2 | AE3: R1 p.3 - note * - angle du point de débit | AF3: R1 p.3 - note * - conditions d'essai du débit | AG3: RENSEIGNE | AH3: RENSEIGNE | AI3: RENSEIGNE | AJ3: RENSEIGNE | AK3: RENSEIGNE | AL3: RENSEIGNE | AM3: RENSEIGNE | AN3: RENSEIGNE | AO3: RENSEIGNE | AP3: RENSEIGNE | AQ3: RENSEIGNE | AR3: RENSEIGNE | AS3: RENSEIGNE | AT3: RENSEIGNE | AU3: RENSEIGNE | AV3: RENSEIGNE
A4: 44 | B4: 0280.750.137 | C4: D261.205.358-01 | D4: Motor - | E4: Poti - | F4: Poti + | G4: Motor + | H4: Poti 2 | I4: Poti 1 | J4: 50 | K4: 50 x 50 | L4: 0.9 | N4: antihoraire (vue A) | Q4: R1 p.2/p.3 - variante 44 mm - diamètre nominal | R4: R1 p.2 - Ordering Information - variante 44 mm | S4: R1 p.3 - Variations - colonne 44 mm - Connector | T4: R1 p.3 - Variations - colonne 44 mm - Pin 1/A | U4: R1 p.3 - Variations - colonne 44 mm - Pin 2/B | V4: R1 p.3 - Variations - colonne 44 mm - Pin 3/C | W4: R1 p.3 - Variations - colonne 44 mm - Pin 4/D | X4: R1 p.3 - Variations - colonne 44 mm - Pin 5/E | Y4: R1 p.3 - Variations - colonne 44 mm - Pin 6/F | Z4: R1 p.3 - Variations - colonne 44 mm - Flange diameter | AA4: R1 p.3 - Variations - colonne 44 mm - Hole circle diameter | AB4: R1 p.3 - Variations - colonne 44 mm - Weight | AC4: R1 p.3 - Variations - colonne 44 mm - débit non spécifié | AD4: R1 p.3 - Opening direction + vue A p.2 | AE4: R1 p.3 - colonne 44 mm - point de débit non spécifié | AF4: R1 p.3 - colonne 44 mm - point de débit non spécifié | AG4: RENSEIGNE | AH4: RENSEIGNE | AI4: RENSEIGNE | AJ4: RENSEIGNE | AK4: RENSEIGNE | AL4: RENSEIGNE | AM4: RENSEIGNE | AN4: RENSEIGNE | AO4: RENSEIGNE | AP4: RENSEIGNE | AQ4: RENSEIGNE | AR4: RENSEIGNE | AS4: NS | AT4: RENSEIGNE | AU4: NS | AV4: NS
A5: 46 | B5: F02U.V01.171-01 | C5: D261.205.356-01 | D5: Motor - | E5: Poti - | F5: Poti + | G5: Motor + | H5: Poti 2 | I5: Poti 1 | J5: 58 | K5: 53 x 53 | L5: 0.95 | M5: 978 | N5: antihoraire (vue A) | O5: 85 | P5: p = 1000 mbar ; Δp = 600 ±25 mbar ; HR = 40 % ; T = 24 °C | Q5: R1 p.2/p.3 - variante 46 mm - diamètre nominal | R5: R1 p.2 - Ordering Information - variante 46 mm | S5: R1 p.3 - Variations - colonne 46 mm - Connector | T5: R1 p.3 - Variations - colonne 46 mm - Pin 1/A | U5: R1 p.3 - Variations - colonne 46 mm - Pin 2/B | V5: R1 p.3 - Variations - colonne 46 mm - Pin 3/C | W5: R1 p.3 - Variations - colonne 46 mm - Pin 4/D | X5: R1 p.3 - Variations - colonne 46 mm - Pin 5/E | Y5: R1 p.3 - Variations - colonne 46 mm - Pin 6/F | Z5: R1 p.3 - Variations - colonne 46 mm - Flange diameter | AA5: R1 p.3 - Variations - colonne 46 mm - Hole circle diameter | AB5: R1 p.3 - Variations - colonne 46 mm - Weight | AC5: R1 p.3 - Variations - colonne 46 mm - Maximum mass flow | AD5: R1 p.3 - Opening direction + vue A p.2 | AE5: R1 p.3 - note * - angle du point de débit | AF5: R1 p.3 - note * - conditions d'essai du débit | AG5: RENSEIGNE | AH5: RENSEIGNE | AI5: RENSEIGNE | AJ5: RENSEIGNE | AK5: RENSEIGNE | AL5: RENSEIGNE | AM5: RENSEIGNE | AN5: RENSEIGNE | AO5: RENSEIGNE | AP5: RENSEIGNE | AQ5: RENSEIGNE | AR5: RENSEIGNE | AS5: RENSEIGNE | AT5: RENSEIGNE | AU5: RENSEIGNE | AV5: RENSEIGNE
A6: 52 | B6: F02U.V01.184-02 | C6: D261.205.356-01 | D6: Poti 1 | E6: Poti - | F6: Motor - | G6: Poti 2 | H6: Motor + | I6: Poti + | J6: 58 | K6: 53 x 53 | L6: 0.95 | N6: antihoraire (vue A) | Q6: R1 p.2/p.3 - variante 52 mm - diamètre nominal | R6: R1 p.2 - Ordering Information - variante 52 mm | S6: R1 p.3 - Variations - colonne 52 mm - Connector | T6: R1 p.3 - Variations - colonne 52 mm - Pin 1/A | U6: R1 p.3 - Variations - colonne 52 mm - Pin 2/B | V6: R1 p.3 - Variations - colonne 52 mm - Pin 3/C | W6: R1 p.3 - Variations - colonne 52 mm - Pin 4/D | X6: R1 p.3 - Variations - colonne 52 mm - Pin 5/E | Y6: R1 p.3 - Variations - colonne 52 mm - Pin 6/F | Z6: R1 p.3 - Variations - colonne 52 mm - Flange diameter | AA6: R1 p.3 - Variations - colonne 52 mm - Hole circle diameter | AB6: R1 p.3 - Variations - colonne 52 mm - Weight | AC6: R1 p.3 - Variations - colonne 52 mm - débit non spécifié | AD6: R1 p.3 - Opening direction + vue A p.2 | AE6: R1 p.3 - colonne 52 mm - point de débit non spécifié | AF6: R1 p.3 - colonne 52 mm - point de débit non spécifié | AG6: RENSEIGNE | AH6: RENSEIGNE | AI6: RENSEIGNE | AJ6: RENSEIGNE | AK6: RENSEIGNE | AL6: RENSEIGNE | AM6: RENSEIGNE | AN6: RENSEIGNE | AO6: RENSEIGNE | AP6: RENSEIGNE | AQ6: RENSEIGNE | AR6: RENSEIGNE | AS6: NS | AT6: RENSEIGNE | AU6: NS | AV6: NS
A7: 54 | B7: 0280.750.150 | C7: D261.205.358-01 | D7: Motor - | E7: Poti - | F7: Poti + | G7: Motor + | H7: Poti 2 | I7: Poti 1 | J7: 70 | K7: 60 x 60 | L7: 0.95 | N7: antihoraire (vue A) | Q7: R1 p.2/p.3 - variante 54 mm - diamètre nominal | R7: R1 p.2 - Ordering Information - variante 54 mm | S7: R1 p.3 - Variations - colonne 54 mm - Connector | T7: R1 p.3 - Variations - colonne 54 mm - Pin 1/A | U7: R1 p.3 - Variations - colonne 54 mm - Pin 2/B | V7: R1 p.3 - Variations - colonne 54 mm - Pin 3/C | W7: R1 p.3 - Variations - colonne 54 mm - Pin 4/D | X7: R1 p.3 - Variations - colonne 54 mm - Pin 5/E | Y7: R1 p.3 - Variations - colonne 54 mm - Pin 6/F | Z7: R1 p.3 - Variations - colonne 54 mm - Flange diameter | AA7: R1 p.3 - Variations - colonne 54 mm - Hole circle diameter | AB7: R1 p.3 - Variations - colonne 54 mm - Weight | AC7: R1 p.3 - Variations - colonne 54 mm - débit non spécifié | AD7: R1 p.3 - Opening direction + vue A p.2 | AE7: R1 p.3 - colonne 54 mm - point de débit non spécifié | AF7: R1 p.3 - colonne 54 mm - point de débit non spécifié | AG7: RENSEIGNE | AH7: RENSEIGNE | AI7: RENSEIGNE | AJ7: RENSEIGNE | AK7: RENSEIGNE | AL7: RENSEIGNE | AM7: RENSEIGNE | AN7: RENSEIGNE | AO7: RENSEIGNE | AP7: RENSEIGNE | AQ7: RENSEIGNE | AR7: RENSEIGNE | AS7: NS | AT7: RENSEIGNE | AU7: NS | AV7: NS
A8: 60 | B8: 0280.750.151 | C8: D261.205.358-01 | D8: Motor - | E8: Poti - | F8: Poti + | G8: Motor + | H8: Poti 2 | I8: Poti 1 | J8: 68.5 | K8: 60 x 60 | L8: 0.95 | N8: antihoraire (vue A) | Q8: R1 p.2/p.3 - variante 60 mm - diamètre nominal | R8: R1 p.2 - Ordering Information - variante 60 mm | S8: R1 p.3 - Variations - colonne 60 mm - Connector | T8: R1 p.3 - Variations - colonne 60 mm - Pin 1/A | U8: R1 p.3 - Variations - colonne 60 mm - Pin 2/B | V8: R1 p.3 - Variations - colonne 60 mm - Pin 3/C | W8: R1 p.3 - Variations - colonne 60 mm - Pin 4/D | X8: R1 p.3 - Variations - colonne 60 mm - Pin 5/E | Y8: R1 p.3 - Variations - colonne 60 mm - Pin 6/F | Z8: R1 p.3 - Variations - colonne 60 mm - Flange diameter | AA8: R1 p.3 - Variations - colonne 60 mm - Hole circle diameter | AB8: R1 p.3 - Variations - colonne 60 mm - Weight | AC8: R1 p.3 - Variations - colonne 60 mm - débit non spécifié | AD8: R1 p.3 - Opening direction + vue A p.2 | AE8: R1 p.3 - colonne 60 mm - point de débit non spécifié | AF8: R1 p.3 - colonne 60 mm - point de débit non spécifié | AG8: RENSEIGNE | AH8: RENSEIGNE | AI8: RENSEIGNE | AJ8: RENSEIGNE | AK8: RENSEIGNE | AL8: RENSEIGNE | AM8: RENSEIGNE | AN8: RENSEIGNE | AO8: RENSEIGNE | AP8: RENSEIGNE | AQ8: RENSEIGNE | AR8: RENSEIGNE | AS8: NS | AT8: RENSEIGNE | AU8: NS | AV8: NS
A9: 82 | B9: 0280.750.101 | C9: D261.205.358-01 | D9: Motor - | E9: Poti - | F9: Poti + | G9: Motor + | H9: Poti 2 | I9: Poti 1 | J9: 90 | K9: 75 x 75 | L9: 1.1 | N9: antihoraire (vue A) | Q9: R1 p.2/p.3 - variante 82 mm - diamètre nominal | R9: R1 p.2 - Ordering Information - variante 82 mm | S9: R1 p.3 - Variations - colonne 82 mm - Connector | T9: R1 p.3 - Variations - colonne 82 mm - Pin 1/A | U9: R1 p.3 - Variations - colonne 82 mm - Pin 2/B | V9: R1 p.3 - Variations - colonne 82 mm - Pin 3/C | W9: R1 p.3 - Variations - colonne 82 mm - Pin 4/D | X9: R1 p.3 - Variations - colonne 82 mm - Pin 5/E | Y9: R1 p.3 - Variations - colonne 82 mm - Pin 6/F | Z9: R1 p.3 - Variations - colonne 82 mm - Flange diameter | AA9: R1 p.3 - Variations - colonne 82 mm - Hole circle diameter | AB9: R1 p.3 - Variations - colonne 82 mm - Weight | AC9: R1 p.3 - Variations - colonne 82 mm - débit non spécifié | AD9: R1 p.3 - Opening direction + vue A p.2 | AE9: R1 p.3 - colonne 82 mm - point de débit non spécifié | AF9: R1 p.3 - colonne 82 mm - point de débit non spécifié | AG9: RENSEIGNE | AH9: RENSEIGNE | AI9: RENSEIGNE | AJ9: RENSEIGNE | AK9: RENSEIGNE | AL9: RENSEIGNE | AM9: RENSEIGNE | AN9: RENSEIGNE | AO9: RENSEIGNE | AP9: RENSEIGNE | AQ9: RENSEIGNE | AR9: RENSEIGNE | AS9: NS | AT9: RENSEIGNE | AU9: NS | AV9: NS

Sheet Majorites
A1: Caracteristique | B1: Valeur | C1: Effectif | D1: Conclusion | F1: Synthèse gamme | G1: Résultat | H1: Interprétation | I1: Référence
A2: Connecteur | B2: D261.205.358-01 | C2: =COUNTIF(Variantes!$C$2:$C$9,B2) -> 6 | D2: =IF(C2>4,"Majorité stricte","Pas de majorité stricte") -> Majorité stricte | F2: Connecteur | G2: 358 : 6/8 ; 356 : 2/8 | H2: Majorité stricte du connecteur 358 | I2: R1 p.3
A3: Connecteur | B3: D261.205.356-01 | C3: =COUNTIF(Variantes!$C$2:$C$9,B3) -> 2 | D3: =IF(C3>4,"Majorité stricte","Pas de majorité stricte") -> Pas de majorité stricte | F3: Brochage complet | G3: 7/8 identiques | H3: Exception : ETB 52 mm | I3: R1 p.3
A4: Fixation | B4: 50 x 50 | C4: =COUNTIF(Variantes!$K$2:$K$9,B4) -> 3 | D4: =IF(C4>4,"Majorité stricte","Pas de majorité stricte") -> Pas de majorité stricte | F4: Fixation | G4: 50 x 50 : 3/8 | H4: Valeur la plus fréquente, sans majorité stricte | I4: R1 p.3
A5: Fixation | B5: 53 x 53 | C5: =COUNTIF(Variantes!$K$2:$K$9,B5) -> 2 | D5: =IF(C5>4,"Majorité stricte","Pas de majorité stricte") -> Pas de majorité stricte | F5: Bride | G5: 50 et 58 : 2/8 chacune | H5: deux valeurs les plus fréquentes à égalité ; aucune majorité | I5: R1 p.3
A6: Fixation | B6: 60 x 60 | C6: =COUNTIF(Variantes!$K$2:$K$9,B6) -> 2 | D6: =IF(C6>4,"Majorité stricte","Pas de majorité stricte") -> Pas de majorité stricte | F6: Alésage | G6: 8 valeurs différentes | H6: Aucune majorité | I6: R1 p.3
A7: Fixation | B7: 75 x 75 | C7: =COUNTIF(Variantes!$K$2:$K$9,B7) -> 1 | D7: =IF(C7>4,"Majorité stricte","Pas de majorité stricte") -> Pas de majorité stricte | F7: Sens d'ouverture | G7: Antihoraire : 8/8 | H7: Référence commune : vue A | I7: R1 p.2/p.3
A8: Bride | B8: 40 | C8: =COUNTIF(Variantes!$J$2:$J$9,B8) -> 1 | D8: =IF(C8>4,"Majorité stricte","Pas de majorité stricte") -> Pas de majorité stricte | F8: Débit | G8: 3 valeurs publiées / 5 NS | I8: R1 p.3
A9: Bride | B9: 50 | C9: =COUNTIF(Variantes!$J$2:$J$9,B9) -> 2 | D9: =IF(C9>4,"Majorité stricte","Pas de majorité stricte") -> Pas de majorité stricte
A10: Bride | B10: 58 | C10: =COUNTIF(Variantes!$J$2:$J$9,B10) -> 2 | D10: =IF(C10>4,"Majorité stricte","Pas de majorité stricte") -> Pas de majorité stricte
A11: Bride | B11: 68.5 | C11: =COUNTIF(Variantes!$J$2:$J$9,B11) -> 1 | D11: =IF(C11>4,"Majorité stricte","Pas de majorité stricte") -> Pas de majorité stricte
A12: Bride | B12: 70 | C12: =COUNTIF(Variantes!$J$2:$J$9,B12) -> 1 | D12: =IF(C12>4,"Majorité stricte","Pas de majorité stricte") -> Pas de majorité stricte
A13: Bride | B13: 90 | C13: =COUNTIF(Variantes!$J$2:$J$9,B13) -> 1 | D13: =IF(C13>4,"Majorité stricte","Pas de majorité stricte") -> Pas de majorité stricte

Sheet Ecarts
A1: Variante | B1: Caracteristique | C1: Reference_comparaison | D1: Valeur | E1: Constat | F1: Consequence_integration | G1: Verification | H1: Source
A2: 54 | B2: Connecteur | C2: D261.205.358-01 = majorité stricte 6/8 | D2: =Variantes!C7 -> D261.205.358-01 | E2: Même connecteur que la majorité de la gamme. | F2: Pas d'écart identifié sur ce critère ; contrôler toutefois l'interface faisceau réelle. | G2: Référence connecteur + plan de connectique + faisceau véhicule. | H2: R1 p.3 - Variations - colonne 54 mm - Connector
A3: 54 | B3: Brochage | C3: Brochage majoritaire : 7/8 identiques | D3: =Variantes!D7&" ; "&Variantes!E7&" ; "&Variantes!F7&" ; "&Variantes!G7&" ; "&Variantes!H7&" ; "&Variantes!I7 -> Motor - ; Poti - ; Poti + ; Motor + ; Poti 2 ; Poti 1 | E3: Brochage identique au brochage majoritaire de la gamme. | F3: Pas d'écart électrique publié ; l'interchangeabilité globale n'est pas démontrée. | G3: Comparer les 6 fonctions de broches et le plan de connectique. | H3: R1 p.3 - Variations - colonne 54 mm - Pin 1/A à 6/F
A4: 54 | B4: Bride | C4: Aucune majorité ; 50 et 58 mm = 2/8 chacune | D4: =TEXT(Variantes!J7,"0.0")&" mm" -> 7.0 mm | E4: Bride 70 mm ; aucune référence de gamme unique ne permet de déclarer un écart absolu. | F4: Vérifier raccordement d'air, joint, portée d'étanchéité et encombrement. | G4: Plan coté / modèle CAO / interface collecteur. | H4: R1 p.3 - Variations - colonne 54 mm - Flange diameter
A5: 54 | B5: Fixation | C5: 50 x 50 = valeur la plus fréquente (3/8), sans majorité stricte | D5: =Variantes!K7 -> 60 x 60 | E5: w | F5: Une adaptation peut être nécessaire seulement si l'interface véhicule impose une autre fixation. | G5: Plan du support / collecteur + modèle CAO. | H5: R1 p.3 - Variations - colonne 54 mm - Hole circle diameter
A6: 54 | B6: Alésage | C6: Pas de majorité : 8 alésages différents | D6: =TEXT(Variantes!A7,"0")&" mm" -> 54 mm | E6: L'alésage 54 mm est une variante fonctionnelle, pas un défaut. | F6: La capacité de passage d'air et la calibration doivent être compatibles avec le besoin moteur. | G6: Spécification moteur + courbe débit-angle. | H6: R1 p.3 - Variations - colonne 54 mm
A7: 54 | B7: Débit | C7: 3 valeurs publiées / 5 NS ; aucun débit majoritaire | D7: ="NS" -> NS | E7: Débit maximal non spécifié pour la 54 mm. | F7: La performance maximale n'est pas démontrée par R1. | G7: Demander courbe débit-angle / point de débit fournisseur ou réaliser un essai. | H7: R1 p.3 - Variations - colonne 54 mm - débit non spécifié
A8: 54 | B8: Sens | C8: Antihoraire = 8/8 (vue A) | D8: =Variantes!N7 -> antihoraire (vue A) | E8: Même sens d'ouverture publié que toute la gamme. | F8: Aucun écart de sens publié. | G8: Vérifier la même référence d'observation : vue A. | H8: R1 p.2 vue A + p.3 Opening direction
A9: 54 | B9: Masse | C9: 0,95 kg = valeur la plus fréquente (4/8), sans majorité stricte | D9: =TEXT(Variantes!L7,"0.00")&" kg" -> 0.01 kg | E9: La 54 mm est à 0,95 kg, valeur la plus fréquente. | F9: À considérer pour le support et les sollicitations vibratoires. | G9: Exigences support / vibration / tenue mécanique. | H9: R1 p.3 - Variations - colonne 54 mm - Weight
A10: 82 | B10: Connecteur | C10: D261.205.358-01 = majorité stricte 6/8 | D10: =Variantes!C9 -> D261.205.358-01 | E10: Même connecteur que la majorité de la gamme. | F10: Pas d'écart identifié sur ce critère ; contrôler toutefois l'interface faisceau réelle. | G10: Référence connecteur + plan de connectique + faisceau véhicule. | H10: R1 p.3 - Variations - colonne 82 mm - Connector
A11: 82 | B11: Brochage | C11: Brochage majoritaire : 7/8 identiques | D11: =Variantes!D9&" ; "&Variantes!E9&" ; "&Variantes!F9&" ; "&Variantes!G9&" ; "&Variantes!H9&" ; "&Variantes!I9 -> Motor - ; Poti - ; Poti + ; Motor + ; Poti 2 ; Poti 1 | E11: Brochage identique au brochage majoritaire de la gamme. | F11: Pas d'écart électrique publié ; l'interchangeabilité globale n'est pas démontrée. | G11: Comparer les 6 fonctions de broches et le plan de connectique. | H11: R1 p.3 - Variations - colonne 82 mm - Pin 1/A à 6/F
A12: 82 | B12: Bride | C12: Aucune majorité ; 50 et 58 mm = 2/8 chacune | D12: =TEXT(Variantes!J9,"0.0")&" mm" -> 9.0 mm | E12: Bride 90 mm ; aucune référence de gamme unique ne permet de déclarer un écart absolu. | F12: Vérifier raccordement d'air, joint, portée d'étanchéité et encombrement. | G12: Plan coté / modèle CAO / interface collecteur. | H12: R1 p.3 - Variations - colonne 82 mm - Flange diameter
A13: 82 | B13: Fixation | C13: 50 x 50 = valeur la plus fréquente (3/8), sans majorité stricte | D13: =Variantes!K9 -> 75 x 75 | E13: Fixation 75 x 75 différente de la valeur la plus fréquente. | F13: Le plan d'interface du collecteur est nécessaire pour conclure au montage direct ou au besoin d'adaptation. | G13: Plan du support / collecteur + modèle CAO. | H13: R1 p.3 - Variations - colonne 82 mm - Hole circle diameter
A14: 82 | B14: Alésage | C14: Pas de majorité : 8 alésages différents | D14: =TEXT(Variantes!A9,"0")&" mm" -> 82 mm | E14: L'alésage 82 mm est une variante fonctionnelle, pas un défaut. | F14: La capacité de passage d'air et la calibration doivent être compatibles avec le besoin moteur. | G14: Spécification moteur + courbe débit-angle. | H14: R1 p.3 - Variations - colonne 82 mm
A15: 82 | B15: Débit | C15: 3 valeurs publiées / 5 NS ; aucun débit majoritaire | D15: ="NS" -> NS | E15: Débit maximal non spécifié pour la 82 mm. | F15: La performance maximale n'est pas démontrée par R1. | G15: Demander courbe débit-angle / point de débit fournisseur ou réaliser un essai. | H15: R1 p.3 - Variations - colonne 82 mm - débit non spécifié
A16: 82 | B16: Sens | C16: Antihoraire = 8/8 (vue A) | D16: =Variantes!N9 -> antihoraire (vue A) | E16: Même sens d'ouverture publié que toute la gamme. | F16: Aucun écart de sens publié. | G16: Vérifier la même référence d'observation : vue A. | H16: R1 p.2 vue A + p.3 Opening direction
A17: 82 | B17: Masse | C17: 0,95 kg = valeur la plus fréquente (4/8), sans majorité stricte | D17: =TEXT(Variantes!L9,"0.00")&" kg" -> 0.01 kg | E17: La 82 mm est à 1,1 kg, au-dessus de la valeur la plus fréquente. | F17: À considérer pour le support et les sollicitations vibratoires. | G17: Exigences support / vibration / tenue mécanique. | H17: R1 p.3 - Variations - colonne 82 mm - Weight

Sheet Risques
A1: Cas | B1: Confusion | C1: Cause | D1: Effet_systeme | E1: Barriere | F1: Classement | G1: Verification | H1: Source
A2: 54 ↔ 60 | B2: Références proches 0280.750.150 / 0280.750.151 ; même connecteur et même brochage ; dimensions différentes. | C2: Erreur de référence, erreur logistique. | D2: Montage, adéquation moteur et calibration peuvent être incorrects ; compatibilité à vérifier. | E2: Conception : détrompage physique ou interface empêchant l'interversion des variantes à risque. | F2: 1 | G2: Essai de non-accouplement, analyse des contournements possibles et dessin d'interface approuvé. | H2: R1 p.2 et p.3 ; guide Ex.1 §1.3
A3: 54 ↔ 60 | B3: Références proches 0280.750.150 / 0280.750.151 ; même connecteur et même brochage ; dimensions différentes. | C3: Erreur de référence, erreur logistique ou sélection de la mauvaise variante. | D3: Montage, adéquation moteur et calibration peuvent être incorrects ; compatibilité à vérifier. | E3: Ligne : lecture/scanner du code article et comparaison avec la configuration attendue ; blocage si désaccord. | F3: 2 | G3: Tester volontairement une mauvaise référence et vérifier le blocage ainsi que sa traçabilité. | H3: R1 p.2 et p.3 ; guide Ex.1 §1.3
A4: 54 ↔ 60 | B4: Références proches 0280.750.150 / 0280.750.151 ; même connecteur et même brochage ; dimensions différentes. | C4: Erreur de référence, erreur logistique ou sélection de la mauvaise variante. | D4: Montage, adéquation moteur et calibration peuvent être incorrects ; compatibilité à vérifier. | E4: Logiciel : contrôle de plausibilité des deux voies de position et de la réponse à la commande ; mise en sécurité définie. | F4: 3 | G4: Injection de défauts ; valider seuils, temps de réaction et comportement de repli. | H4: R1 p.2 et p.3 ; guide Ex.1 §1.3
A5: 54 ↔ 82 | B5: Même connecteur et même brochage, mais alésage, bride, fixation et masse différents. | C5: Mauvaise variante montée parce que le raccordement électrique ne révèle pas nécessairement l'erreur. | D5: Risque d'intégration mécanique ou fonctionnelle : raccordement d'air, fixation, encombrement et calibration à vérifier. | E5: Conception : détrompage physique ou interface rendant impossible l'assemblage de la mauvaise variante. | F5: 1 | G5: Essai de non-accouplement + contrôle du plan d'interface / CAO des variantes 54 et 82 mm. | H5: R1 p.2 et p.3 ; guide Ex.1 §1.3
A6: 54 ↔ 82 | B6: Même connecteur et même brochage, mais alésage, bride, fixation et masse différents. | C6: Mauvaise variante montée parce que le raccordement électrique ne révèle pas nécessairement l'erreur. | D6: Risque d'intégration mécanique ou fonctionnelle : raccordement d'air, fixation, encombrement et calibration à vérifier. | E6: Ligne : scanner la référence ETB et la comparer à la configuration véhicule ; bloquer l'opération en cas d'écart. | F6: 2 | G6: Introduire volontairement la mauvaise référence et vérifier le blocage + enregistrement de l'anomalie. | H6: R1 p.2 et p.3 ; guide Ex.1 §1.3
A7: 54 ↔ 82 | B7: Même connecteur et même brochage, mais alésage, bride, fixation et masse différents. | C7: Mauvaise variante montée parce que le raccordement électrique ne révèle pas nécessairement l'erreur. | D7: Risque d'intégration mécanique ou fonctionnelle : raccordement d'air, fixation, encombrement et calibration à vérifier. | E7: Logiciel : surveiller la cohérence des deux voies de position et la réponse réelle à la commande. | F7: 3 | G7: Injection de défauts ; vérifier détection, seuils, temps de réaction et état de sécurité. | H7: R1 p.2 et p.3 ; guide Ex.1 §1.3
A8: Faisceau 46 → ETB 52 | B8: Connecteur de même famille 356, mais brochage différent : broche 4 = Motor + sur 46 mm et Poti 2 sur 52 mm. | C8: Interversion de composant/faisceau malgré une connectique compatible en apparence. | D8: Comportement ETB incohérent et fonction de commande dégradée ; réaction de sécurité à définir. | E8: Conception : détrompage physique ou interface empêchant de raccorder ce faisceau à la mauvaise variante. | F8: 1 | G8: Essai de non-accouplement et vérification détaillée de la vue d'accouplement / détrompage. | H8: R1 p.3 - Pin 46/52 ; guide Ex.1 §1.3
A9: Faisceau 46 → ETB 52 | B9: Connecteur de même famille 356, mais brochage différent : broche 4 = Motor + sur 46 mm et Poti 2 sur 52 mm. | C9: Interversion de composant/faisceau malgré une connectique compatible en apparence. | D9: Comportement ETB incohérent et fonction de commande dégradée ; réaction de sécurité à définir. | E9: Ligne : contrôle du code article et de la référence faisceau/ETB avant raccordement ; blocage si non-conformité. | F9: 2 | G9: Essai avec mauvaise référence ; vérifier blocage, traçabilité et impossibilité de poursuivre l'opération. | H9: R1 p.3 - Pin 46/52 ; guide Ex.1 §1.3
A10: Faisceau 46 → ETB 52 | B10: Connecteur de même famille 356, mais brochage différent : broche 4 = Motor + sur 46 mm et Poti 2 sur 52 mm. | C10: Interversion de composant/faisceau malgré une connectique compatible en apparence. | D10: Comportement ETB incohérent et fonction de commande dégradée ; réaction de sécurité à définir. | E10: Logiciel : plausibilité Poti 1/Poti 2 + surveillance commande/position ; désactivation contrôlée du driver en défaut. | F10: 3 | G10: Injection de défauts électriques ; mesurer temps de détection et vérifier l'état de repli. Attention : la détection peut être trop tardive pour éviter un dommage initial. | H10: R1 p.3 - Pin 46/52 ; guide Ex.1 §1.3
A13: Rang | B13: Type de barrière | C13: Objectif
A14: 1 | B14: Conception | C14: Empêcher physiquement l'erreur
A15: 2 | B15: Ligne | C15: Détecter la mauvaise référence avant montage
A16: 3 | B16: Logiciel | C16: Détecter une incohérence et mettre en sécurité

Sheet Lacunes
A1: ID | B1: Variante | C1: Information_manquante | D1: Impact | E1: Question_fournisseur | F1: Priorite | G1: Statut
A2: L01 - Débit | B2: 54 / 82 | C2: Courbes débit-angle et tolérances | D2: Dimensionnement air | E2: Pour les 54 et 82 mm, fournissez les courbes débit-angle sous les conditions de la note * et leurs tolérances. | F2: Haute | G2: À demander
A3: L02 - Courants | B3: 54 / 82 | C3: Signification de « generator current » et profils de courant moteur | D3: Fils, fusible, driver | E3: Que désigne « generator current » ? Quels sont les courants nominal, de démarrage et de blocage, avec leurs durées ? | F3: Haute | G3: À demander
A4: L03 - Moteur | B4: 54 / 82 | C4: Paramètres électriques du moteur | D4: Commande, modèle | E4: Quelles sont les résistances/inductances et constantes électriques du moteur, avec dispersion et température ? | F4: Haute | G4: À demander
A5: L04 - Dynamique | B5: 54 / 82 | C5: Temps d'ouverture/fermeture et précision | D5: Exigences de boucle | E5: Quels temps d’ouverture/fermeture et quelle précision de position sont garantis sur la plage thermique ? | F5: Haute | G5: À demander
A6: L05 - Ressort | B6: 54 / 82 | C6: Position de repos et couple de rappel | D6: Repli mécanique | E6: Quel angle de repos, quelle tolérance et quel couple de rappel sont garantis en perte d’alimentation ? | F6: Haute | G6: À demander
A7: L06 - Capteurs | B7: 54 / 82 | C7: Caractéristiques détaillées POTI1/POTI2 | D7: ADC, RC, diagnostic | E7: Fournissez les lois exactes POTI1/POTI2, tolérances, impédances, charges admises et comportements en défaut. | F7: Haute | G7: À demander
A8: L07 - Connectique | B8: 54 / 82 | C8: Vue d'accouplement, contacts et détrompage | D8: Faisceau, erreur de pin | E8: Fournissez le plan avec vue d’accouplement, repérage 1A à 6F, contacts, détrompage, étanchéité et contrepartie. | F8: Haute | G8: À demander
A9: L08 - Plan coté | B9: 54 / 82 | C9: Tolérances mécaniques et modèle 3D | D9: Montage, implantation | E9: Fournissez le plan 54/82 mm, les tolérances, les références géométriques et le modèle 3D. | F9: Haute | G9: À demander
A10: L09 - Assemblage | B10: 54 / 82 | C10: Joints, vis, serrage, états de surface | D10: Étanchéité, tenue | E10: Quels joints, vis, couples de serrage, états de surface et limites de déformation sont requis ? | F10: Moyenne | G10: À demander
A11: L10 - Environnement | B11: 54 / 82 | C11: Étanchéité, fluides, corrosion | D11: Usage véhicule | E11: Quels niveaux d’étanchéité et quelles résistances aux fluides et à la corrosion sont validés ? | F11: Moyenne | G11: À demander
A12: L11 - CEM / électrique | B12: 54 / 82 | C12: Validation CEM et protections électriques | D12: Robustesse électrique | E12: Quels essais d’émission, immunité, ESD, transitoires et inversions de polarité sont réalisés, avec résultats ? | F12: Haute | G12: À demander
... A15: L14 - Modification série | B15: Toutes variantes | C15: Gestion des indices, changements et fin de vie | D15: Responsabilité DRE | E15: Comment sont gérés les indices, changements, notifications, traçabilité et fin de vie des références ? | F15: Moyenne | G15: À demander
